一 ○ 五 年 度 公 路 平 均 每 日 交 通 量 調 查 統 計 表,,,,,,,,,,,,,,,,,,,,,,,,,,,,,
,,,,,,,,,,,,,,,,,,,,,,,,,,,,,
填報單位：交通部公路總局第五區養護工程處,,,,,,,,,,,,,,,,,,,,,,,,,,,,,    調查週期：定期按年辦理
縣,調      查      站,,,,路,起 迄 地 名,起 迄 樁 號,"地

形","里


程","路
面
寬
度","方


向",車道佈設,,,總        計,,各  車  種  車  輛  數  (輛/日),,,,,,,尖峰小時,,方,自行車,,備
市,編,地,樁,座,線,,,,,,,"快車道
寛    度",機慢車道寛度,"路肩
寛度",流,車,合,小,大,大,"全
聯
結
車","半
聯
結
車",機,,,向,,,
, ,,,,編,,,,,,,,,,量,公,,型,客,貨,,,,交通量,時段,係,平  日,假  日,
別,號,點,號,標,號,,,,(公里),(公尺),(往),(公尺),(公尺),(公尺),(PCU),里,計,車,車,車,,,車,(PCU),,數,交通量,交通量,註
雲林縣,V-01,西螺,228K+350,196184.748,台1線,西螺~莿桐,226K+879~232K+432,平原區,5.55,21.6,北,"3.6,3.6",2.6,1,"3,959","21,352","3,847","2,869",22,235,18,69,635,351,17～18,0.52 ,,,
,,,,2632496.414,,,,,,,南,"3.6,3.6",2.6,1,"4,431","23,652","4,262","3,200",40,264,13,94,651,377,17～18,,,,
雲林縣,V-02,新虎尾溪橋,234K+100,198712.412,台1線,莿桐~惠來厝,232K+432~235K+882,平原區,3.45,23.4,北,"3.8,4.2",2.8,1,"5,796","20,082","5,821","3,324",31,498,9,122,"1,838",622,17～18,0.50 ,,,
,,,,2627572.562,,,,,,,南,"3.7,4",3.1,0.8,"5,603","19,603","5,682","3,171",21,480,6,113,"1,891",610,7～8,,,,
雲林縣,V-03,虎尾溪橋,239K+150,197376.576,台1線,惠來厝~北勢子,235K+882~239K+985,平原區,4.1,22.2,北,"3.8,3.8",2.3,1.1,"5,594","22,525","5,494","3,401",27,569,5,105,"1,388",565,17～18,0.51 ,6 ,9 ,
,,,,2622675.652,,,,,,,南,"3.8,3.8",2.8,0.8,"5,380","21,596","5,267","3,170",23,593,2,106,"1,373",595,7～8,,365 ,89 ,
雲林縣,V-04,石牛溪橋,242K+000,197063.570,台1線,北勢子~斗南,239K+985~242K+229,平原區,2.23,27.3,北,"3.6,3.6,3.6",2.2,0.9,"23,490","56,084","25,150","16,191",141,486,33,196,"8,103","1,661",15～16,0.57 ,,,
,,,,2620170.577,,,,,,,南,"3.5,3.6,3.5",2.1,0.7,"19,513","47,048","21,098","12,328",140,499,32,201,"7,899","1,237",10～11,,,,
雲林縣,V-05,豐田工業區,247K+200,195899.148,台1線,斗南~嘉義縣界,242K+229~247K+477,平原區,5.25,22.6,北,"3.8,3.8",2.4,1,"9,167","47,367","9,022","6,180",54,826,11,116,"1,835",784,17～18,0.51 ,,,
,,,,2615317.495,,,,,,,南,"3.7,3.8",2.1,2,"8,734","45,892","8,741","6,103",50,723,6,66,"1,793",810,17～18,,,,
嘉義縣,V-06,三疊溪橋,253K+100,193400.749,台1線,雲林縣界~民雄,247K+477~257K+386,平原區,9.91,21,北,"3.7,3.8",2.2,0.5,"4,769","49,380","4,983","3,507",11,191,3,26,"1,244",411,17～18,0.54 ,0 ,0 ,
,,,,2610643.495,,,,,,,南,"3.6,3.6",2.1,1.5,"5,089","53,188","5,367","3,673",13,205,3,21,"1,452",487,17～18,,46 ,65 ,
嘉義縣,V-07,吳鳳工專,259K+950,192372.268,台1線,民雄~嘉義市界,257K+386~261K+632,平原區,4.25,30.5,北,"3.7,3.9,3.8",2,1.7,"18,195","81,771","19,240","12,125",177,650,23,163,"6,103","1,626",17～18,0.51 ,,,
,,,,2603978.372,,,,,,,南,"3.6,3.9,4.2",2.1,1.6,"19,093","86,012","20,238","12,905",179,605,24,162,"6,363","1,555",17～18,,,,
嘉義市,V-08,後湖,264K+250,193858.435,台1線,嘉義縣界~博東路,261K+632~265K+238,平原區,3.61,21.8,北,"3.2,3.2,4.2",-,0.4,"17,754","62,116","17,207","16,191",239,701,6,39,32,"1,488",7～8,0.53 ,,,
,,,,2599847.335,,,,,,,南,"3.2,3.3,4.1",-,0.2,"19,500","68,364","18,937","17,913",261,684,4,46,28,"1,659",17～18,,,,
嘉義市,V-09,博愛路,267K+400,192868.990,台1線,博東路~北港路,265K+238~267K+864,平原區,2.63,21.1,北,"3.5,3.5",2.1,1.4,"16,221","48,752","18,537","9,525",97,348,3,10,"8,553","1,156",11～12,0.51 ,,,
,,,,2597810.120,,,,,,,南,"3.5,3.5",2.1,1.5,"13,644","40,769","15,501","8,248",87,294,2,4,"6,867","1,129",18～19,,,,
嘉義市,V-10,港子坪,269K+300,191567.471,台1線,北港路~嘉義縣界,267K+864~269K+847,平原區,1.98,21.3,北,"3.5,3.5",2,1.8,"15,213","33,832","17,087","10,146",95,86,6,22,"6,733","1,232",17～18,0.57 ,15 ,12 ,
,,,,2596234.907,,,,,,,南,"3.4,3.5",2.1,1.5,"12,075","26,764","13,517","8,152",97,72,4,10,"5,182",923,21～22,,42 ,89 ,
嘉義縣,V-11,水上,271K+950,189942.306,台1線,嘉義市界~水上,269K+847~273K+895,平原區,4.05,31.2,北,"3.6,3.5,3.6",2.8,0.7,"16,947","72,956","18,014","12,069",118,612,6,52,"5,157","1,511",17～18,0.51 ,,,
,,,,2594285.697,,,,,,,南,"3.6,3.5,3.5",2.5,3.9,"16,589","71,401","17,630","11,770",122,633,6,44,"5,056","1,463",17～18,,,,
嘉義縣,V-12,八掌溪橋,277K+650,186895.634,台1線,水上~台南市界,273K+895~277K+650,平原區,3.76,22.9,北,"3.8,3.8",2.1,1.7,"8,830","33,054","8,791","6,300",55,613,25,84,"1,714",752,7～8,0.53 ,,,
,,,,2589319.338,,,,,,,南,"3.8,3.8",2.1,1.8,"8,794","32,985","8,773","6,383",49,553,13,99,"1,676",836,17～18,,,,
臺南市,V-13,卯舍橋,287K+600,182935.527,台1線,嘉義縣界~新營,277K+650~289K+759,平原區,12.1,22.2,北,"3.7,3.7",2.5,1.1,"11,358","144,256","11,922","8,970",75,227,1,34,"2,615",986,17～18,0.52 ,,,
,,,,2580880.304,,,,,,,南,"3.6,3.6",2.5,1.5,"11,773","150,197","12,413","9,233",82,217,2,30,"2,849","1,057",16～17,,,,
臺南市,V-14,新文橋,296K+653,179673.802,台1線,新營~龜子港,289K+759~296K+725,平原區,7,24,北,"3.5,3.5",2.1,2.6,"12,336","90,862","12,980","8,312",79,596,23,71,"3,899","1,189",7～8,0.50 ,,,
,,,,2573259.575,,,,,,,南,"3.5,3.5",2.4,2.9,"12,616","92,950","13,279","8,527",104,596,22,66,"3,963","1,188",17～18,,,,
臺南市,V-15,隆田橋,303K+280,179681.540,台1線,龜子港~隆田,296K+725~303K+793,平原區,7.1,25,北,"3.6,3.9",2.5,3.9,"6,069","45,503","6,409","4,427",36,159,7,36,"1,744",603,17～18,0.53 ,,,
,,,,2567107.698,,,,,,,南,"3.5,3.5",2.5,1.6,"6,190","46,199","6,507","4,593",39,168,5,35,"1,666",673,7～8,,,,
臺南市,V-16,曾文溪橋,309K+750,182340.875,台1線,隆田~曾文溪橋南端,303K+793~310K+020,平原區,6.2,26.6,北,"3.6,3.6",2.5,3.4,"9,541","61,027","9,843","6,543",44,299,25,155,"2,777","1,180",7～8,0.53 ,,,
,,,,2561902.639,,,,,,,南,"3.6,3.6",2.5,3.8,"9,443","61,095","9,854","6,662",34,269,24,108,"2,757","1,304",7～8,,,,
臺南市,V-17,大營橋,315K+000,180165.352,台1線,曾文溪橋南端~新市,310K+020~318K+000,平原區,8,25.9,北,"3.6,3.6",2.6,3.5,"10,419","87,305","10,913","6,249",85,335,33,214,"3,997",978,17～18,0.51 ,15 ,30 ,
,,,,2556528.355,,,,,,,南,"3.6,3.6",2.6,2.8,"10,046","84,715","10,589","6,191",96,345,24,160,"3,774","1,028",7～8,,31 ,42 ,
臺南市,V-18,高鐵橋下,318K+000,160731.479,台1線,新市~高鐵橋下,318K+000~321K+600,平原區,3.6,23.6,北,"3.6,3.6",2.5,2.2,"16,483","61,360","17,045","10,976",83,674,38,246,"5,027","1,593",7～8,0.53 ,,,
,,,,2551809.824,,,,,,,南,"3.6,3.6",2.5,2,"17,503","65,886","18,302","11,677",101,661,30,222,"5,610","1,831",7～8,,,,
臺南市,V-19,豐化橋,323K+100,175741.180,台1線,高鐵橋下~豐化橋,321K+600~323K+100,平原區,1.5,20.2,北,"3.6,3.6",2.5,0.6,"20,780","34,232","22,821","12,072",153,779,32,158,"9,627","2,662",7～8,0.55 ,,,
,,,,2550765.566,,,,,,,南,"3.6,3.6",2,0.7,"26,293","43,868","29,245","14,485",165,991,41,198,"13,364","3,230",7～8,,,,
臺南市,V-20,蔦松橋,325K+250,173511.119,台1線,豐化橋~永康交流道,323K+100~326K+700,平原區,3.6,22.5,北,"3.5,3.5,3.5",2,0.8,"28,540","102,255","28,404","19,640",157,"1,000",72,728,"6,808","2,501",7～8,0.52 ,,,
,,,,2549130.029,,,,,,,南,"3.5,3.5",2.5,3.2,"29,387","106,049","29,458","19,999",160,972,84,725,"7,517","2,675",17～18,,,,
臺南市,V-21,鹽行派出所,327K+650,172137.510,台1線,永康交流道~南新路口,326K+700~328K+400,平原區,1.7,20.8,東,"3.5,3.5",2,1.5,"24,578","43,520","25,600","15,677",648,824,21,317,"8,112","1,625",17～18,0.52 ,,,
,,,,2549081.725,,,,,,,西,"3.5,3.5",2,1.3,"24,728","43,847","25,792","15,747",628,832,16,324,"8,245","1,767",17～18,,,,
臺南市,V-22,鐵路路橋,331K+070,170298.943,台1線,南新路口~鐵路路橋,328K+400~331K+070,平原區,2.7,19,東,"3.5,3.5",2,0.5,"42,730","142,033","52,605","18,127",199,357,0,10,"33,911","4,987",7～8,0.54 ,,,
,,,,2546785.698,,,,,,,西,"3.5,3.5",2,0.5,"42,546","141,217","52,303","18,116",227,359,1,12,"33,587","4,181",17～18,,,,
臺南市,V-23,五王廟前,332K+800,171485.944,台1線,鐵路路橋~東門路,331K+070~332K+800,平原區,1.7,22.1,北,"3.5,3.5",2,1.5,"33,483","69,953","41,149","14,468",153,230,0,14,"26,284","2,488",18～19,0.52 ,,,
,,,,2545409.553,,,,,,,南,"4,3.2",2,2.4,"34,116","71,490","42,053","14,767",154,135,1,7,"26,989","2,731",18～19,,,,
臺南市,V-24,關帝廟前,335K+300,171349.531,台1線,東門路~關帝廟前,332K+800~335K+300,平原區,2.5,21.6,北,"3.2,3.2",3,1,"27,812","82,874","33,150","13,770",134,431,2,8,"18,804","2,216",18～19,0.51 ,,,
,,,,2542848.784,,,,,,,南,"3.2,3.2",3,1.8,"27,273","81,056","32,422","13,421",145,535,0,3,"18,318","2,155",18～19,,,,
臺南市,V-25,文化中心,337K+450,170154.368,台1線,關帝廟前~大同路,335K+300~338K+600,平原區,3.3,22.5,東,"3.2,3.2",3,2,"24,361","94,861","28,746","13,126",95,246,1,12,"15,267","2,002",18～19,0.52 ,,,
,,,,2541566.033,,,,,,,西,"3.2,3.2",3,1.7,"26,444","103,096","31,241","14,243",98,248,0,11,"16,641","2,165",17～18,,,,
臺南市,V-26,牛稠仔,340K+200,169794.317,台1線,大同路~牛稠子,338K+600~340K+700,平原區,2.1,25.2,北,"3.5,3.5",2.7,3.3,"22,910","54,671","26,034","14,331",127,232,1,43,"11,301","2,381",17～18,0.57 ,,,
,,,,2539423.966,,,,,,,南,"3.6,3.6",2.6,2.4,"19,306","45,649","21,737","12,349",140,248,1,32,"8,968","1,769",7～8,,,,
臺南市,V-27,二層行橋,344K+550,170588.764,台1線,牛稠子~二層行橋,340K+700~344K+800,平原區,4.1,27.1,北,"3.5,3.5,3.5",2.4,0.7,"23,457","107,879","26,312","14,987",75,298,0,106,"10,846","2,285",7～8,0.59 ,,,
,,,,2535264.711,,,,,,,南,"3.5,3.5,3.5",2.3,0.7,"21,553","100,299","24,463","13,198",57,280,0,87,"10,842","1,582",19～20,,,,
,,,,,,合計,,,118.0,,,,,," 918,452 "," 3,546,750 ",,,,,,,,,,,,,
,,,,,,,,,,,,,,,,,,,,,,,,,,,,,
雲林縣,V-28,新榮橋,3K+950,201004.602,台1丁線,莿桐~斗六,0K+000~8K+076,平原區,8.07,18.2,北,"3.6,3.6",-,1.9,"10,854","92,710","11,488","7,756",129,517,23,92,"2,971","1,061",17～18,0.53 ,,,
,,,,2625329.755,,,,,,,南,"3.6,3.6",-,1.9,"11,534","97,600","12,094","8,179",136,631,25,107,"3,017","1,180",7～8,,,,
雲林縣,V-29,新光陸橋,13K+000,198065.481,台1丁線,斗六~斗南,8K+076~14K+632,平原區,6.56,19.3,北,"3.6,3.6",2,0.4,"12,022","81,648","12,446","8,798",74,463,28,77,"3,007","1,154",7～8,0.51 ,16 ,26 ,
,,,,2619696.291,,,,,,,南,"3.6,3.5",2,0.6,"12,541","85,348","13,010","9,094",77,454,35,87,"3,263","1,190",17～18,,13 ,21 ,
,,,,,,合計,,,14.6,,,,,," 46,950 "," 357,306 ",,,,,,,,,,,,,
,,,,,,,,,,,,,,,,,,,,,,,,,,,,,
雲林縣,V-30,北林內陸橋,239K+550,212522.817,台3線,南雲大橋~林內,238K+027~244K+126,平原區,6.09,19.5,北,"3.7,4.5",-,1.3,"3,490","19,452","3,194","2,307",9,278,2,161,436,287,10～11,0.60 ,,,
,,,,2629826.057,,,,,,,南,"3.8,4.6",-,1.6,"3,921","22,603","3,711","2,664",20,260,0,157,611,434,16～17,,,,
雲林縣,V-31,海豐崙橋,249K+000,206008.845,台3線,林內~斗六,244K+126~254K+045,平原區,9.92,21.9,北,"3.6,3.6",-,4.5,"16,347","184,019","18,550","11,086",54,512,11,102,"6,785","2,463",7～8,0.54 ,85 ,88 ,
,,,,2623742.235,,,,,,,南,"3.6,3.6",-,3,"16,184","183,187","18,466","11,225",54,382,7,85,"6,713","2,137",17～18,,59 ,87 ,
雲林縣,V-32,仰山橋,255K+740,202835.043,台3線,斗六~永光,254K+045~262K+139,平原區,8.09,18.8,北,"3.7,3.3",-,2.4,"11,818","100,212","12,387","9,533",49,499,5,28,"2,273","1,075",17～18,0.51 ,,,
,,,,2619150.681,,,,,,,南,"3.4,3.6",-,2.4,"12,966","110,678","13,681","10,483",58,503,1,24,"2,612","1,117",16～17,,,,
雲林縣,V-33,永光,262K+139,204083.175,台3線,永光~嘉義縣界,262K+139~267K+233,平原區,5.09,18.2,北,"3.2,3.3",2,0.6,"4,115","21,289","4,183","2,961",39,257,0,27,899,493,17～18,0.51 ,,,
,,,,2613542.965,,,,,,,南,"3.3,3.3",2,0.5,"4,420","22,839","4,487","3,265",43,245,1,29,904,473,11～12,,,,
雲林縣,V-34,興昌國小,264K+000,202908.330,台3線,興昌國小~嘉義縣界,264K+000~267K+233,平原區,3.23,12.6,北,3.5,2,0.8,"2,792","9,334","2,890","2,210",73,71,1,9,525,601,15～16,0.55 ,,,
,,,,2612156.857,,,,,,,南,3.5,2,0.8,"3,010","9,951","3,081","2,348",72,69,1,33,559,,,,,,
嘉義縣,V-35,尾庄,267K+500,202993.369,台3線,雲林縣界~梅山,267K+233~268K+528,平原區,4.63,13,北,3.5,2,1.2,"6,978","34,305","7,409","5,869",88,122,0,9,"1,321","1,340",16～17,0.55 ,,,
,,,,2609725.730,,,,,,,南,3.5,2,0.8,"7,052","34,676","7,489","5,924",85,131,0,9,"1,341",,,,,,
嘉義縣,V-36,梅山市場,268K+850,204966.359,台3線,梅山~梅山市場,268K+528~269K+510,平原區,7.87,13.5,北,3.5,-,3,"5,119","55,901","7,103","2,632",51,117,0,0,"4,303",914, 9～10,0.52 ,,,
,,,,2608760.468,,,,,,,南,3.5,-,3.5,"5,232","55,271","7,023","2,799",46,168,0,0,"4,009",,,,,,
嘉義縣,V-37,竹崎大橋,276K+900,203718.360,台3線,梅山市場~竹崎,269K+510~277K+378,平原區,0.98,12.3,北,3.5,2,0.7,"2,974","3,537","3,610","2,142",22,41,0,1,"1,403",599,16～17,0.51 ,,,
,,,,2602406.541,,,,,,,南,3.5,2,0.6,"3,002","3,580","3,653","2,162",22,41,0,0,"1,428",,,,,,
嘉義縣,V-38,興產橋,280k+334,202550.785,台3線,竹崎~鹿滿,277K+378~282K+004,平原區,1.3,14.4,北,"3.2,3.3",-,1.4,"7,002","10,084","7,757","5,010",55,320,1,2,"2,369",637,7～8,0.51 ,,,
,,,,2599759.067,,,,,,,南,3,2,1.5,"7,250","10,456","8,043","5,217",57,305,1,4,"2,458",658,17～18,,,,
嘉義縣,V-39,吳鳳橋,286K+130,202042.069,台3線,鹿滿~隆興,282K+004~288K+942,平原區,6.94,15.2,北,"3.4,3.5",-,0.6,"3,528","25,970","3,742","2,605",27,226,1,4,878,321,17～18,0.51 ,,,
,,,,2594725.218,,,,,,,南,"3.4,3.5",-,0.8,"3,393","25,042","3,608","2,499",23,215,2,4,865,313,11～12,,,,
嘉義縣,V-40,中埔橋,290k+397,200711.104,台3線,隆興~澐水,287k+353~295k+000,丘陵區,6.7,11.9,北,3.4,2,0.4,"3,582","26,575","3,966","2,501",26,96,0,10,"1,334",659,8～9,0.50 ,,,
,,,,2590542.425,,,,,,,南,3.4,2,0.7,"3,600","26,766","3,995","2,499",23,102,0,9,"1,362",,,,,,
嘉義縣,V-41,得道橋,295k+000,201629.292,台3線,澐水~分水嶺,295k+000~334k+138,山嶺區,18.1,7.2,北,3,-,0.6,"2,020","22,959","1,268",887,25,34,0,12,310,430, 9～10,0.71 ,,,
,,,,2586940.255,,,,,,,南,2.8,-,0.8,"2,084","21,994","1,215",832,30,53,0,20,280,,,,,,
嘉義縣,V-42,和平一號橋,334k+138,210387.081,台3線,分水嶺~大埔,334k+138~352K+700,山嶺區,24.8,7.4,北,3.3,-,0.4,931,"14,324",578,493,5,3,0,12,64,228,12～13,0.53 ,,,
,,,,2578309.622,,,,,,,南,3,-,0.7,884,"13,693",552,480,6,3,0,9,53,,,,,,
嘉義縣,V-43,四維橋,352K+700,204447.713,台3線,大埔~雙溪,352K+700~365.500,山嶺區,21.2,10.3,北,4.7,-,0.4,698,"9,510",449,272,10,17,0,1,148,317,11～12,0.77 ,,,
,,,,2569356.755,,,,,,,南,4.9,-,0.3,645,"8,501",401,263,9,18,0,1,110,,,,,,
臺南市,V-44,楠西北橋,365k+450,197892.616,台3線,雙溪~楠西,365k+450~372k+500,丘陵區,8.8,21.9,北,"4.0,3.8",2.5,0.7,879,"7,863",894,634,12,8,0,9,230,107,11～12,0.55 ,,,
,,,,2564992.97,,,,,,,南,"4.0,3.8",2.5,0.6,866,"7,802",887,638,11,9,0,6,222,132,14～15,,,,
臺南市,V-45,竹圍橋,372k+500,196510.951,台3線,楠西~玉井,372k+500~375K+323,丘陵區,6.5,21.2,北,"3.5,3.5",2.1,1.5,"5,258","33,762","5,194","4,068",24,122,1,48,931,600,10～11,0.51 ,,,
,,,,2559394.432,,,,,,,南,"3.5,3.5",2.1,1.5,"4,308","25,953","3,993","3,438",29,138,0,62,327,582,16～17,,,,
臺南市,V-46,高陵橋,375k+323,196306.897,台3線,玉井~北寮,375k+323~383k+733,丘陵區,7.1,16.3,北,"3.6,3.6",-,1.1,"4,722","32,318","4,552","3,357",23,129,0,99,944,558,16～17,0.53 ,,,
,,,,2556759.568,,,,,,,南,"3.6,3.6",-,0.8,"4,562","32,282","4,547","3,399",25,121,0,61,940,487,10～11,,,,
臺南市,V-47,彩鳳橋,383k+733,197121.572,台3線,北寮~南化,383k+733~385+907,丘陵區,4.8,16,北,"3.5,3.5",-,1,"1,560","6,976","1,453","1,038",9,180,1,1,225,177,14～15,0.54 ,,,
,,,,2549602.954,,,,,,,南,"3.5,3.5",-,1,"1,479","6,917","1,441","1,071",9,116,0,2,242,206,15～16,,,,
臺南市,V-48,西山橋,385k+907,196090.013,台3線,南化~金馬寮,385k+907~389k+311,山嶺區,5.4,15.9,北,"3.7,3.7",-,0.5,"3,136","9,342","1,730","1,308",15,38,0,99,270,367,10～11,0.51 ,,,
,,,,2547724.077,,,,,,,南,"3.6,3.9",-,0.5,"2,882","9,224","1,708","1,345",16,34,0,58,254,360,15～16,,,,
,,,,,,合計,,,157.5,,,,,," 174,688 "," 1,259,146 ",,,,,,,,,,,,,
,,,,,,,,,,,,,,,,,,,,,,,,,,,,,
雲林縣,V-49,海豐橋,78K+650,173092.422,台17線,西濱大橋~海豐橋,68K+674~78K+650,平原區,9.97,16,北,"3.5,4.1",-,0.4,"3,350","37,054","3,717","2,226",44,137,0,28,"1,281",426,7～8,0.58 ,,,
,,,,2626469.742,,,,,,,南,"3.5,4.1",-,0.4,"4,130","45,465","4,560","2,907",46,149,1,22,"1,435",583,17～18,,,,
雲林縣,V-50,西湖橋,91K+400,166350.419,台17線,海豐橋~飛沙,78K+650~93K+185,平原區,14.53,17.6,北,"3.5,3.5",-,1.8,"1,782","27,933","1,922","1,124",23,173,0,1,601,185,7～8,0.53 ,,,
,,,,2619604.837,,,,,,,南,"3.5,3.5",-,1.8,"1,807","28,466","1,959","1,080",19,202,0,0,657,210,17～18,,,,
雲林縣,V-51,三姓寮,96K+400,165362.282,台17線,飛沙~金湖,93K+185~98K+054,平原區,4.87,16,北,"3.5,3.5",-,1,"1,648","8,200","1,684","1,123",10,181,1,6,363,180,15～16,0.51 ,,,
,,,,2615088.469,,,,,,,南,"3.5,3.5",-,1,"1,654","8,474","1,740","1,163",6,134,1,7,430,190,17～18,,,,
雲林縣,V-52,成龍二號橋,104K+300,165245,台17線,金湖~嘉義縣界,98K+054~109K+938,平原區,11.9,17.2,北,"3.3,3.3",-,2,"1,265","17,530","1,473",651,10,122,0,1,689,112,17～18,0.50 ,,,
,,,,2605929,,,,,,,南,"3.3,3.3",-,2,"1,294","18,549","1,559",786,14,32,0,1,725,112, 9～10,,,,
嘉義縣,V-53,鰲鼓橋,114K+500,165787.040,台17線,雲林縣界~屯子頭,109K+938~116K+633,平原區,6.7,15,北,"3.2,3.3",-,1,854,"6,068",906,415,6,146,1,2,336,97,11～12,0.54 ,18 ,6 ,
,,,,2599534.148,,,,,,,南,"3.2,3.3",-,1,770,"5,552",829,418,3,112,0,1,294,84,16～17,,4 ,7 ,
嘉義縣,V-54,新厝橋,126K+200,164127.979,台17線,屯子頭~布袋,116K+633~129K+850,平原區,13.217,18,北,3.8,2.7,2.5,"4,077","54,890","4,153","2,887",76,254,4,21,911,881,15～16,0.55 ,,,
,,,,2588464.212,,,,,,,南,3.8,2.7,2.5,"4,489","59,101","4,472","3,170",77,313,5,29,878,,,,,,
嘉義縣,V-55,台電新塭所,135K+050,164086.914,台17線,布袋~台南市界,129K+850~136K+428,平原區,6.578,16.4,北,"3.8,3.8",-,1,"1,526","11,131","1,692",804,14,190,1,2,682,145,11～12,0.51 ,,,
,,,,2581403.029,,,,,,,南,"3.8,3.8",-,0.2,"1,592","11,719","1,782",876,14,176,1,0,714,141,16～17,,,,
臺南市,V-56,將軍溪橋,147K+900,161589.200,台17線,溪底寮~後港,144K+568~151K+479,平原區,6.9,16.7,北,"3.7,4.0",-,0.6,"3,614","27,173","3,938","2,746",11,50,1,40,"1,091",734,16～17,0.52 ,,,
,,,,2570032.693,,,,,,,南,"3.7,4.0",-,0.7,"3,748","28,169","4,082","2,838",17,38,4,44,"1,142",665,16～17,,,,
臺南市,V-57,七股溪橋,159K+130,161187.058,台17線,後港~永吉,151K+479~162K+541,平原區,11.1,16.4,北,"3.7,4.0",-,0.4,"9,400","111,563","10,051","7,416",40,223,3,66,"2,302",914,14～15,0.56 ,75 ,50 ,
,,,,2558881.638,,,,,,,南,"3.7,4.0",-,0.6,"9,386","111,599","10,054","7,509",43,180,5,58,"2,260","1,182",16～17,,18 ,79 ,
臺南市,V-58,國聖橋南側,164K+380,161155.550,台17線,永吉~十二佃橋,162K+541~166K+758,平原區,4.2,22,北,"3.7,4.0",3,0.3,"13,374","58,898","14,023","9,651",46,522,7,83,"3,713","1,225",17～18,0.55 ,,,
,,,,2553577.036,,,,,,,南,"3.7,4.0",3,0.3,"13,199","58,762","13,991","9,858",37,352,6,54,"3,685","1,491",18～19,,,,
臺南市,V-59,海尾橋,170K+800,164075.603,台17線,十二佃橋~鹽水溪橋,166K+758~172K+670,平原區,5.9,26,北,"3.5,3.5",4.5,1.5,"20,997","140,800","23,864","12,861",26,284,0,81,"10,613","4,380",7～8,0.53 ,,,
,,,,2548552.074,,,,,,,南,"3.5,3.5",4.5,1.5,"21,477","144,685","24,523","12,995",17,278,1,76,"11,156","3,921",17～18,,,,
臺南市,V-60,大港觀海橋,174K+300,166365.967,台17線,鹽水溪橋~文賢路,172K+670~174K+310,平原區,1.6,24.8,北,"3.8,3.8",3.3,1.5,"30,010","54,423","34,014","18,800",42,443,6,68,"14,654","2,630",7～8,0.64 ,46 ,148 ,
,,,,2545902.305,,,,,,,南,"3.8,3.8",3.3,1.5,"31,404","56,842","35,526","20,080",34,373,2,79,"14,959","4,588",17～18,,16 ,29 ,
臺南市,V-61,新興國中,178K+015,166386.371,台17線,文賢路~金華路,174K+310~178K+015,平原區,3.7,20.1,北,"3.2,3.2",3.1,0.5,"25,600","106,895","28,890","15,827",93,391,5,100,"12,474","2,569",17～18,0.55 ,,,
,,,,2542012.858,,,,,,,南,"3.2,3.2",3.2,0.5,"22,209","91,347","24,688","14,397",87,383,4,97,"9,721","2,060",17～18,,,,
臺南市,V-62,中油北海站,182K+015,165746.343,台17線,金華路~喜樹橋,178K+015~182K+015,平原區,4,25.6,北,"3.6,3.6",3,2.7,"20,348","84,281","21,070","14,899",52,524,14,277,"5,304","2,110",7～8,0.50 ,,,
,,,,2539048.492,,,,,,,南,"3.6,3.6",3,2.5,"20,368","84,109","21,027","15,058",53,532,10,278,"5,096","2,139",17～18,,,,
臺南市,V-63,二仁溪橋,185K+205,165569.673,台17線,喜樹橋~南定橋,182K+015~185K+205,平原區,3.2,27,北,"3.8,3.8",3.1,2.8,"9,085","31,759","9,925","6,487",37,88,0,40,"3,273","1,196",17～18,0.59 ,12 ,97 ,
,,,,2535153.525,,,,,,,南,"3.8,3.8",3.1,2.8,"4,895","21,918","6,849",134,43,32,0,0,"6,640",815,16～17,,27 ,23 ,
,,,,,,合計,,,108.4,,,,,," 289,352 "," 1,553,357 ",,,,,,,,,,,,,
,,,,,,,,,,,,,,,,,,,,,,,,,,,,,
嘉義縣,V-64,嘉義高鐵,0K+550,N180599.752,台18線,東勢里~後庄里,0K+000~0K+950,平原區,0.95,31.8,東,"3.5,3.5,3.5",4.7,0.6,"6,433","6,306","6,638","5,118",37,256,1,7,"1,220",952,17～18,0.50 ,,,
,,,,2596527.357,,,,,,,西,"3.6,3.6,3.5",4.6,0.7,"7,053","6,916","7,280","5,516",33,321,1,8,"1,401",948,7～8,,,,
嘉義市,V-65,嘉太大橋,7K+500,187154.060,台18線,太保~嘉義市界,0K+000~8K+510,平原區,8.51,27.2,東,"3.6,3.5,3.5",2.2,0.8,"10,824","94,076","11,055","8,789",121,408,0,11,"1,726","1,318",17～18,0.57 ,1 ,1 ,
,,,,2598370.582,,,,,,,西,"3.6,3.5,3.5",2.2,0.8,"10,637","92,450","10,864","8,794",109,361,0,8,"1,592",983,7～8,,22 ,32 ,
雲林縣,V-66,軍輝橋,17K+650,194709.178,台18線,嘉義市界~後庄,8K+510~18K+152,平原區,9.64,16.9,東,"3.6,3.5",-,0.2,"19,352","238,153","24,705","10,417",94,300,1,3,"13,891","1,719",7～8,0.51 ,,,
,,,,2594951.406,,,,,,,西,"3.5,3.5",-,2.6,"18,813","231,681","24,033","10,018",126,294,1,2,"13,593","1,650",18～19,,,,
嘉義縣,V-67,中庄橋,19K+120,195744.996,台18線,後庄~大義,18K+152~20K+200,平原區,2.048,15.8,東,"3.4,3.5",-,2,"6,667","15,527","7,582","4,784",93,106,0,10,"2,588",546,17～18,0.53 ,,,
,,,,2594350.637,,,,,,,西,"3.5,3.4",-,0,"6,509","15,134","7,390","4,502",76,204,0,9,"2,598",627,17～18,,,,
嘉義縣,V-I45,大義路,20K+750,197914.165,台18線,大義~頂六,20K+200~21K+500,平原區,1.3,16,東,"3.0,3.5",-,1.5,"13,608","18,801","14,462","11,066",182,324,4,16,"2,870","1,173",7～8,0.52 ,,,
,,,,2594074.797,,,,,,,西,"3.0,3.5",-,1.5,"13,546","18,816","14,474","11,354",147,145,4,20,"2,805","1,291",17～18,,,,
嘉義縣,V-I46,頂六,21K+750,196949.592,台18線,頂六~中埔,21K+500~22K+133,平原區,0.633,14.3,東,"3.0,3.0",-,2,"12,986","8,740","13,808","10,261",289,193,3,65,"2,996","1,234",11～12,0.54 ,,,
,,,,2594345.136,,,,,,,西,"3.0,3.0",-,0.3,"12,915","8,721","13,777","10,231",274,185,1,59,"3,026","1,448",15～16,,,,
嘉義縣,V-68,義仁橋,24K+250,200761.260,台18線,中埔~吳鳳廟,22K+133~27K+115,平原區,4.98,17.5,東,"3.2,3.5",-,2.1,"8,899","45,110","9,058","6,607",336,366,4,75,"1,670","1,309",17～18,0.55 ,,,
,,,,2593316.368,,,,,,,西,"3.2,3.5",-,2,"9,202","46,564","9,350","6,814",336,434,5,67,"1,694","1,051",10～11,,,,
嘉義縣,V-69,牛埔仔,31K+100,206877.439,台18線,吳鳳廟~觸口,27K+115~34K+353,平原區,7.24,12.1,東,3.5,2,0.4,"5,264","36,350","5,021","4,162",267,138,0,26,428,"1,403",15～16,0.75 ,,,
,,,,2593935.049,,,,,,,西,3.5,2,0.7,"5,206","35,945","4,965","4,069",276,139,0,27,454,,,,,,
嘉義縣,V-70,龍美,50K+200,214385.274,台18線,觸口~石桌,34K+353~62K+993,丘陵區,58.64,7.1,東,3,-,0.3,"2,780","133,523","2,277","1,859",212,71,0,1,134,790,15～16,0.67 ,,,
,,,,2589346.891,,,,,,,西,3.3,-,0.5,"2,571","121,678","2,075","1,651",211,72,0,0,140,,,,,,
嘉義縣,V-71,石桌,64K+100,219069.445,台18線,石桌~十字路,62K+993~76K+993,山嶺區,14,20,北,4.4,-,1.2,"6,610","53,054","3,790","3,205",218,86,0,0,280,"1,627",14～15,0.58 ,,,
,,,,2596709.432,,,,,,,南,4.5,-,1,"6,201","49,212","3,515","2,919",229,76,0,1,290,,,,,,
嘉義縣,V-72,十字路,76K+993,225032.562,台18線,十字路~自忠,76K+993~90K+996,山嶺區,14,7.7,東,3.1,-,0.9,"2,863","19,746","1,410","1,083",196,31,0,1,100,838,11～12,0.51 ,,,
,,,,2598786.661,,,,,,,西,3.4,-,0.3,"2,995","21,008","1,501","1,182",191,35,0,0,93,,,,,,
,,,,,,合計,,,121.9,,,,,," 191,933 "," 1,317,510 ",,,,,,,,,,,,,
,,,,,,,,,,,,,,,,,,,,,,,,,,,,,
雲林縣,V-73,新闢外環,43K+875,185316.089,台19線,自強大橋~崙背,35K+885~43K+875,平原區,7.99,20.2,北,"3.5,3.6",2,1,"1,310","9,467","1,185",712,8,254,3,22,185,113,11～12,0.56 ,,,
,,,,2629583.094,,,,,,,南,"3.5,3.6",2,1,"1,297","9,549","1,195",719,6,254,2,13,200,145,17～18,,,,
雲林縣,V-74,新庄橋,49K+100,183191.962,台19線,崙背~褒忠,43K+875~52K+893,平原區,9.02,20.2,北,"3.5,3.7",2.3,0.6,"3,676","30,289","3,358","2,208",31,671,5,40,404,305,17～18,0.53 ,,,
,,,,2626058.672,,,,,,,南,"3.5,3.7",2.3,0.6,"3,660","30,177","3,346","2,190",37,672,6,35,406,342,17～18,,,,
雲林縣,V-75,頂厝橋,56K+300,180695.764,台19線,褒忠~元長,52K+893~57K+868,平原區,4.96,26,北,"3.5,3.5",2.5,3.5,"5,084","22,280","4,492","3,495",34,528,4,188,243,462,15～16,0.54 ,,,
,,,,2620211.662,,,,,,,南,"3.5,3.5",2.5,3.5,"4,775","21,407","4,316","3,420",30,513,6,121,225,393,16～17,,,,
雲林縣,V-76,頂寮橋,63K+200,179591.251,台19線,元長~新街,57K+868~66K+353,平原區,8.49,15.8,北,"3.4,3.5",-,1,"5,914","47,202","5,560","3,818",122,561,2,179,876,493,15～16,0.51 ,,,
,,,,2613477.814,,,,,,,南,"3.4,3.5",-,1,"5,821","47,753","5,625","3,920",123,527,3,119,932,506,17～18,,,,
雲林縣,V-77,溝皂,66K+800,178760.221,台19線,新街~北港,66K+353~67K+973,平原區,1.62,17.4,北,"3.5,3.5",-,1.7,"6,591","10,675","6,589","4,161",124,496,3,170,"1,636",490,7～8,0.51 ,,,
,,,,2610049.713,,,,,,,南,"3.5,3.5",-,1.7,"6,432","10,642","6,569","4,200",123,482,3,107,"1,654",508,17～18,,,,
嘉義縣,V-78,港尾二號橋,71K+500,178292.095,台19線,北港~港尾二號橋,67K+973~71K+500,平原區,3.53,17.8,北,"3.4,3.5",-,2,"3,869","15,620","4,425","2,747",17,64,1,17,"1,579",315,7～8,0.50 ,,,
,,,,2605543.396,,,,,,,南,"3.4,3.5",-,2,"3,919","15,950","4,518","2,783",13,64,1,10,"1,648",312,17～18,,,,
嘉義縣,V-79,朴子大橋,81K+293,172884.282,台19線,港尾二號橋~朴子,71K+500~81K+293,平原區,9.79,19.6,北,"3.5,3.5",2,0.8,"8,160","87,886","8,977","5,558",23,153,2,28,"3,214",685,17～18,0.51 ,,,
,,,,2597266.862,,,,,,,南,"3.5,3.5",2,0.8,"8,085","86,893","8,876","5,451",22,194,0,27,"3,180",700,7～8,,,,
嘉義縣,V-80,豐年橋,87K+623,173011.874,台19線,朴子~南勢竹,81K+293~87K+623,平原區,6.33,19.4,北,"3.5,3.5",-,2.7,"3,949","25,782","4,073","2,908",23,161,2,72,908,334,17～18,0.52 ,,,
,,,,2590998.914,,,,,,,南,"3.5,3.5",-,2.7,"3,991","26,175","4,135","2,961",21,162,2,65,924,315,17～18,,,,
嘉義縣,V-81,角帶圍橋,97K+200,173912.720,台19線,南勢竹~台南市界,87K+623~98K+633,平原區,11,16.7,北,"3.7,3.8",-,0.8,"2,888","30,005","2,728","1,751",27,311,2,101,536,233,17～18,0.51 ,,,
,,,,2582958.379,,,,,,,南,"3.6,3.5",-,1.3,"2,805","29,221","2,656","1,765",15,281,0,100,496,244,17～18,,,,
臺南市,V-82,宅港橋,110K+300,169168.881,台19線,嘉義縣界~學甲,98K+633~113K+611,平原區,15,20,北,"3.6,3.6",2,0.8,"2,589","39,641","2,643","2,117",16,63,5,13,429,234,7～8,0.51 ,,,
,,,,2573751.620,,,,,,,南,"3.6,3.6",2,0.8,"2,649","40,644","2,710","2,186",14,54,3,15,437,226,17～18,,,,
臺南市,V-83,新城橋,117K+50,166586.471,台19線,學甲~佳里,113K+611~121K+949,平原區,8.3,19.9,北,"3.6,3.6",2.3,0.4,"6,388","56,681","6,829","4,730",64,123,1,16,"1,895",635,17～18,0.51 ,,,
,,,,2568317.130,,,,,,,南,"3.6,3.7",2.3,0.4,"6,132","54,507","6,567","4,573",63,105,0,12,"1,814",653,7～8,,,,
臺南市,V-84,佳南橋,125K+400,167099.446,台19線,佳里~西港,121K+949~128K+034,平原區,6.1,21.8,北,"3.9,3.6",2,1.7,"13,850","92,888","15,228","9,609",76,158,3,50,"5,332","1,445",17～18,0.54 ,,,
,,,,2560615.161,,,,,,,南,"3.7,3.6",2.3,1,"13,185","87,899","14,410","9,280",81,174,2,46,"4,827","1,717",7～8,,,,
臺南市,V-85,西港大橋,132K+661,171215.204,台19線,西港大橋北端~台南市界,130K+299~132K+661,平原區,2.4,22.2,北,"3.5,3.6",2.5,1.4,"26,636","68,876","28,698","19,685",93,450,6,85,"8,379","3,959",7～8,0.57 ,,,
,,,,2556697.976,,,,,,,南,"3.5,3.7",2.6,1.4,"25,954","67,062","27,943","19,249",101,424,4,83,"8,082","2,978",17～18,,,,
臺南市,V-86,和順北橋,133K+850,169550.516,台19線,台南市界~和順北橋,132K+661~134K+100,平原區,1.4,22.2,北,"3.5,3.5",2.1,2,"18,697","29,238","20,884","11,962",110,272,3,77,"8,460","1,851",8～9,0.51 ,,,
,,,,2552493.006,,,,,,,南,"3.5,3.5",2.1,2,"19,272","30,205","21,575","12,303",115,324,5,50,"8,778","1,910",17～18,,,,
臺南市,V-87,頂溪寮大橋,139K+700,169606.318,台19線,和順北橋~六甲頂,134K+100~139K+800,平原區,5.7,17.8,北,"3.3,3.1",2.1,0.2,"30,637","213,821","37,512","13,605",131,182,1,20,"23,575","3,125",7～8,0.51 ,,,
,,,,2547227.935,,,,,,,南,"3.3,3.5",2.1,0.2,"31,090","216,230","37,935","14,205",127,153,0,21,"23,428","3,038",7～8,,,,
,,,,,,合計,,,101.6,,,,,," 279,304 "," 1,554,662 ",,,,,,,,,,,,,
,,,,,,,,,,,,,,,,,,,,,,,,,,,,,
臺南市,V-88,太子橋,1K+050,175541.058,台19甲線,鹽水~鐵線橋,0K+000~5K+338,平原區,5.3,12.7,北,3.5,2.1,0.8,"4,799","29,101","5,491","2,703",12,346,18,48,"2,364",955,17～18,0.62 ,,,
,,,,2578570.062,,,,,,,南,3.6,2.1,0.6,"4,364","26,485","4,997","2,348",13,335,20,48,"2,233",,,,,,
臺南市,V-89,中庄,7K+500,175765.516,台19甲線,鐵線橋~下營,5K+338~9K+575,平原區,4.2,13.7,北,4.1,2,1,"3,347","15,928","3,792","2,526",6,81,1,22,"1,156",637,17～18,0.57 ,,,
,,,,2572528.859,,,,,,,南,3.6,2,1,"3,262","15,446","3,678","2,380",5,88,1,37,"1,167",,,,,,
臺南市,V-90,玄武橋,11K+300,175253.060,台19甲線,下營~麻豆,9K+575~16K+626,平原區,7.1,12,北,3.7,2,0.3,"4,545","35,519","5,003","3,447",14,156,3,23,"1,359",799,17～18,0.55 ,,,
,,,,2568907.844,,,,,,,南,3.6,2,0.4,"4,203","32,741","4,611","3,149",16,153,1,27,"1,266",,,,,,
臺南市,V-91,麻善大橋,18K+500,174742.640,台19甲線,麻豆~麻善大橋,16K+626~18K+750,平原區,2.1,17.4,北,"3.3,3.3",2,0.1,"10,514","24,519","11,676","7,300",69,79,5,9,"4,214","1,282",17～18,0.62 ,,,
,,,,2563097.422,,,,,,,南,"3.3,3.3",2,0.1,"10,854","25,169","11,985","7,686",70,84,2,13,"4,130","2,133",7～8,,,,
臺南市,V-92,善化國中,22K+280,177089.957,台19甲線,麻善大橋~善化,18K+750~24K+673,平原區,5.9,17.9,北,"3.0,3.0",2,1,"7,713","50,171","8,504","5,502",39,50,1,16,"2,896",814,17～18,0.57 ,,,
,,,,2560679.298,,,,,,,南,"3.0,3.0",2,0.9,"7,567","49,008","8,306","5,352",46,99,3,10,"2,796","1,088",7～8,,,,
臺南市,V-93,三舍二號橋,28K+230,177781.999,台19甲線,善化~新市,24K+673~31K+962,平原區,7.3,18.2,北,"3.3,3.3",2,0.5,"7,809","64,088","8,779","5,253",25,66,2,4,"3,429",774,7～8,0.51 ,,,
,,,,2555330.365,,,,,,,南,"3.3,3.3",2,0.5,"7,601","62,161","8,515","5,173",35,61,2,3,"3,242",737,7～8,,,,
臺南市,V-94,地政事務所,33K+505,178154.823,台19甲線,新市~新化,31K+962~34K+000,平原區,2.038,17.8,北,"3.6,4.0",-,1.3,"9,044","21,922","10,757","5,821",59,168,0,24,"4,685","1,314",7～8,0.53 ,,,
,,,,2550615.376,,,,,,,南,"3.6,4.0",-,1.3,"9,551","23,286","11,426","6,198",60,108,0,27,"5,032","1,171",17～18,,,,
臺南市,V-95,一號橋南端,35K+883,151022.548,台19甲線,新化~新化,34K+000~35K+883,平原區,11.8,23.6,北,"3.6,3.6",3.6,1,"2,232","26,577","2,252","1,664",5,99,2,30,453,256,7～8,0.52 ,,,
,,,,2548404.356,,,,,,,南,"3.6,3.6",3.6,1,"2,283","26,944","2,283","1,753",7,110,1,27,385,278,17～18,,,,
臺南市,V-96,許縣溪橋,39K+700,180791.727,台19甲線,新化~關廟,35K+883~45K+061,平原區,9.2,19.6,北,"3.8,4.1",-,1.8,"8,881","90,173","9,801","6,746",32,164,5,47,"2,807","1,320",7～8,0.57 ,,,
,,,,2541304.061,,,,,,,南,"4.2,4.2",-,1.5,"8,693","89,082","9,683","6,485",32,166,3,44,"2,953","1,002",17～18,,,,
臺南市,V-97,保安橋,51K+750,182715.893,台19甲線,關廟~高雄市界,45K+061~55K+294,平原區,10.2,11.1,北,4,-,1.5,"3,419","42,355","4,152","2,114",32,92,0,40,"1,875",647,7～8,0.56 ,,,
,,,,2536364.106,,,,,,,南,4.3,-,1.3,"3,357","41,446","4,063","2,029",32,96,2,45,"1,858",,,,,,
,,,,,,合計,,,65.1,,,,,," 124,036 "," 792,120 ",,,,,,,,,,,,,
,,,,,,,,,,,,,,,,,,,,,,,,,,,,,
臺南市,V-98,高等法院(中山路),0K+650,169055.205,台20線,小西門~火車站,0K+000~1K+864,平原區,1.9,19.6,東,"3.0,3.0",2,1.6,"15,148","35,282","18,569","6,154",365,14,0,0,"12,036","1,294",17～18,0.54 ,,,
,,,,2544059.198,,,,,,,西,"3.0,3.0",2,2,"13,261","30,688","16,152","5,511",362,15,0,0,"10,264","1,094",17～18,,,,
臺南市,V-99,台南公園(北門路),1K+864,169302.049,台20線,火車站~開元橋,1K+864~2K+732,平原區,0.8,24.8,東,"3.5,3.5",3.5,3,"41,336","40,891","51,114","15,830",646,360,0,1,"34,278","3,383",17～18,0.51 ,,,
,,,,2544587.225,,,,,,,西,"3.5,3.5",2.6,1.7,"40,411","39,889","49,861","15,371",785,330,0,2,"33,373","3,229",17～18,,,,
臺南市,V-I00,開元橋,3K+170,170678.826,台20線,開元橋~台南市界,2K+732~3K+210,平原區,0.5,17.7,東,"3.4,3.4",-,2,"22,429","15,057","30,114","10,386",159,59,0,4,"19,506","1,688",17～18,0.56 ,,,
,,,,2545736.830,,,,,,,西,"3.4,3.5",-,2,"26,805","18,350","36,701","11,475",147,64,0,2,"25,013","2,160",18～19,,,,
臺南市,V-I01,陸軍砲訓部,5K+200,172495.309,台20線,台南市界~陸軍砲訓部,3K+210~5K+200,平原區,2,18.8,東,"3.5,3.5",-,1.6,"31,559","81,955","40,978","16,460",178,217,0,13,"24,108","3,204",16～17,0.56 ,,,
,,,,2546721.045,,,,,,,西,"3.5,3.5",-,3.2,"28,643","74,809","37,404","14,348",154,301,2,19,"22,580","2,475",17～18,,,,
臺南市,V-I02,蜈東橋,7K+650,174659.856,台20線,陸軍砲訓部~蜈東橋,5K+200~7K+750,平原區,2.6,18.5,東,"3.7,4.0",-,1.7,"12,932","40,839","15,707","7,683",106,244,0,50,"7,625","1,659",7～8,0.51 ,,,
,,,,2547667.951,,,,,,,西,"3.7,4.3",-,1.1,"13,472","42,457","16,330","7,800",103,411,1,37,"7,977","1,588",17～18,,,,
臺南市,V-I03,開運橋,10K+500,176913.531,台20線,蜈東橋~新化,7K+750~12K+500,平原區,4.8,18.8,東,"3.6,3.6",-,2.4,"14,048","79,602","16,584","9,088",74,250,6,65,"7,101","1,535",17～18,0.53 ,,,
,,,,2548243.741,,,,,,,西,"3.6,3.6",-,2,"14,094","79,853","16,636","9,126",77,269,2,61,"7,101","1,765",7～8,,,,
臺南市,V-I04,春雨橋,16K+500,182114.783,台20線,新化~豐德,12K+500~20K+427,平原區,7.9,19,東,"3.3,3.3",2,0.9,"9,362","74,573","9,440","6,632",86,744,3,41,"1,934","1,132", 9～10,0.50 ,,,
,,,,2551571.443,,,,,,,西,"3.3,3.3",2,0.9,"9,144","73,155","9,260","6,500",87,739,2,21,"1,911","1,145",16～17,,,,
臺南市,V-I05,拔馬橋,25k+374,2265651.584,台20線,豐德~左鎮,20K+130~25K+753,丘陵區,4.9,19,東,"3.6,3.6",2,0.3,"5,081","25,652","5,235","4,295",10,52,0,11,866,885,16～17,0.57 ,,,
,,,,2687469.856,,,,,,,西,"3.6,3.6",2,0.3,"5,242","26,480","5,404","4,390",11,65,0,10,928,655,10～11,,,,
臺南市,V-I06,玉井橋,35K+441,194496.093,台20線,左鎮~玉井,25K+753~37K+100,丘陵區,11.7,28.4,東,"3.6,3.6,3.6",2,1,"5,814","72,105","6,163","4,168",85,100,0,2,"1,808",680,16～17,0.55 ,,,
,,,,2557364.175,,,,,,,西,"3.6,3.6,3.6",3,0.8,"5,902","73,229","6,259","4,275",80,101,0,0,"1,801",552,10～11,,,,
臺南市,V-I07,頭份橋,42k+759,198433.463,台20線,玉井~高雄市界,37K+100~52k+301,丘陵區,16.3,18.2,東,"3.5,3.5",-,2,"1,924","31,822","1,952","1,473",20,76,0,7,377,351,15～16,0.57 ,,,
,,,,2552621.535,,,,,,,西,"3.6,3.6",-,2,"1,962","32,586","1,999","1,504",20,71,0,8,396,261,10～11,,,,
,,,,,,合計,,,53.4,,,,,," 318,569 "," 989,274 ",,,,,,,,,,,,,
,,,,,,,,,,,,,,,,,,,,,,,,,,,,,
臺南市,V-I08,人仰橋,5K+150,194390.128,台20乙線,左鎮~南化,0K+000~8K+176,丘陵區,8.2,15,東,4,2,1.5,"1,461","12,825","1,564","1,202",11,19,0,0,331,338,15～16,0.62 ,,,
,,,,2549515.383,,,,,,,西,4,2,1.5,"1,429","12,527","1,528","1,166",12,16,0,3,331,,,,,,
,,,,,,合計,,,8.2,,,,,," 2,890 "," 25,352 ",,,,,,,,,,,,,
,,,,,,,,,,,,,,,,,,,,,,,,,,,,,
嘉義縣,V-I09,高保大橋,8K+000,181096.477,台37線,新港~高保大橋,0K+000~8K+000,平原區,8,22.6,北,"3.5,3.5",-,0.8,"3,653","29,225","3,512","3,376",29,58,3,46,0,335,15～16,0.51 ,,,
,,,,2598535.085,,,,,,,南,"3.5,3.5",-,1.2,"3,494","27,952","3,375","3,251",22,65,1,37,0,345,16～17,,,,
嘉義縣,"V-I09
側車道",高保大橋,8K+000,181096.477,台37線,新港~高保大橋,0K+000~8K+000,平原區,8,6.4,北,3.5,2.2,0.8,653,"6,275",784,309,1,8,0,2,465,90,17～18,0.57 ,,,
,,,,2598535.085,,,,,,,南,3.1,2.2,1.2,556,"5,397",675,232,8,8,0,1,426,69,7～8,,,,
嘉義縣,V-I10,春珠,13K+800,180807.627,台37線,高保大橋~鹿草,8K+000~14K+380,平原區,6.38,22.3,北,"3.5,3.5,3.3",-,0.8,"4,446","27,515","4,313","4,157",43,71,1,37,3,416, 9～10,0.57 ,,,
,,,,2592939.278,,,,,,,南,"3.5,3.5,3.3",-,0.9,"3,261","20,107","3,152","3,021",42,56,0,30,1,308,15～16,,,,
嘉義縣,"V-I10
側車道",春珠,13K+800,180807.627,台37線,高保大橋~鹿草,8K+000~14K+380,平原區,6.38,5.6,北,3.3,1.9,0.8,287,"2,105",330,148,0,7,0,2,172,41,7～8,0.74 ,,,
,,,,2592939.278,,,,,,,南,3.3,2,0.9,"1,112","7,244","1,135",914,5,24,1,8,184,117,17～18,,,,
,,,,,,合計,,,14.4,,,,,," 17,461 "," 125,821 ",,,,,,,,,,,,,
,,,,,,,,,,,,,,,,,,,,,,,,,,,,,
臺南市,V-I11,保吉路北側,3K+100,176822.211,台39線,新化~保吉路北側,0K+000~3K+100,平原區,3.1,26.9,北,"3.6,3.6,4.7",-,1.6,"8,236","29,508","9,519","5,626",15,141,3,53,"3,681","1,147",7～8,0.54 ,,,
,,,,2545278.519,,,,,,,南,"3.6,3.6,4.6",-,1.6,"7,887","28,291","9,126","5,332",18,128,6,55,"3,587",962,17～18,,,,
臺南市,V-I12,中山路南側,7K+700,175342.280,台39線,保吉路北側~歸仁,3K+100~8K+000,平原區,4.9,25.6,北,"3.5,3.5,4.6",-,1.6,"6,767","37,259","7,604","4,570",58,172,2,69,"2,734",805,17～18,0.51 ,43 ,95 ,
,,,,2541038.853,,,,,,,南,"3.6,3.6,4.6",-,0.6,"7,058","38,970","7,953","4,720",60,160,9,74,"2,930",834,7～8,,68 ,125 ,
臺南市,V-I13,南160線北側,14K+550,177570.000,台39線,歸仁~高雄市市界,8K+000~16K+408,平原區,8.4,26.8,北,"3.6,3.6",4.5,1.7,"4,324","38,243","4,553","2,759",11,257,0,41,"1,485",472,17～18,0.51 ,,,
,,,,2534497.600,,,,,,,南,"3.6,3.6",4.6,1.6,"4,320","38,503","4,584","2,787",9,277,1,19,"1,490",482,17～18,,,,
,,,,,,合計,,,16.4,,,,,," 38,592 "," 210,774 ",,,,,,,,,,,,,
,,,,,,,,,,,,,,,,,,,,,,,,,,,,,
雲林縣,V-I14,快速公路,216K+150,176390.779,台61線,快速公路~麥寮,216K+000~224K+851,平原區,8.9,19,北,"3.5,3.5",-,2.5,"5,014","32,209","3,619","2,551",12,356,58,563,79,459,10～11,0.64 ,,,
,,,,2632322.522,,,,,,,南,"3.5,3.5",-,2.5,"5,523","36,446","4,095","3,045",26,337,33,601,53,824,17～18,,,,
雲林縣,V-I15,快速公路,226K+450,170826.846,台61線,麥寮~五港,224K+851~230K+031,平原區,5.2,19,北,"3.5,3.5",-,2.5,"6,054","24,435","4,699","3,724",58,219,37,586,74,666,17～18,0.50 ,,,
,,,,2623448.836,,,,,,,南,"3.5,3.5",-,2.5,"6,636","27,537","5,296","4,199",64,216,66,570,180,676,17～18,,,,
雲林縣,V-I16,快速公路,234K+000,165919.350,台61線,五港~飛沙,230K+031~238K+737,平原區,8.7,20.2,北,"3.5,3.6",-,3,"7,318","51,089","5,872","4,377",45,704,56,515,176,696,18～19,0.55 ,,,
,,,,2620557.591,,,,,,,南,"3.5,3.6",-,3,"6,539","45,098","5,184","3,954",48,570,27,510,73,864,15～16,,,,
雲林縣,V-I17,青蚶,245K+500,163628.120,台61線,飛沙~濱海橋,238K+737~248K+200,平原區,2.2,21.2,北,"3.5,3.5",-,3,"4,099","7,075","3,216","2,557",42,191,16,374,36,692,16～17,0.53 ,,,
,,,,2609817.902,,,,,,,南,"3.5,3.5",-,3,"5,632","9,923","4,511","3,644",35,247,50,456,78,608,18～19,,,,
雲林縣,V-I18,成龍大橋,250K+700,165581.748,台61線,成龍大橋~水井,250K+400~254K+500,平原區,4.1,20,北,"3.5,3.5",-,3,"4,608","15,238","3,717","3,043",45,183,21,377,48,764,16～17,0.54 ,,,
,,,,2605742.972,,,,,,,南,"3.5,3.5",-,3,"6,163","20,541","5,010","4,126",41,244,53,468,78,643,18～19,,,,
雲林縣,V-I19,雲嘉大橋,257K+119,165401.575,台61線,水井~雲嘉大橋,254K+500~257K+119,平原區,2.6,18,北,"3.5,3.5",-,2,"6,966","14,787","5,687","4,097",65,596,19,531,379,859,16～17,0.57 ,,,
,,,,2599999.307,,,,,,,南,"3.5,3.5",-,2,"6,293","12,490","4,804","3,234",46,767,63,514,180,657,11～12,,,,
嘉義縣,V-I20,網寮橋,266K+200,164338.259,台61線,雲嘉大橋~布袋,257K+119~269K+078,平原區,12,19.6,北,"3.5,3.5",-,2.8,"6,204","60,547","5,046","4,148",76,264,31,474,53,911,16～17,0.51 ,,,
,,,,2591578.404,,,,,,,南,"3.5,3.5",-,2.8,"6,893","68,847","5,737","4,800",71,275,53,455,84,859,15～16,,,,
嘉義縣,"V-I20
側車道",網寮橋,266K+200,164338.259,台61線,雲嘉大橋~布袋,257K+119~269K+078,平原區,12,19.6,北,"3.5,3.5",-,2.8,371,"4,731",394,288,0,19,0,1,87,51,16～17,0.51 ,,,
,,,,2591578.404,,,,,,,南,"3.5,3.5",-,2.8,406,"5,388",449,290,1,20,0,1,138,53,14～15,,,,
嘉義縣,V-I21,龍宮溪橋,273K+100,163623.045,台61線,布袋~嘉南大橋,269K+078~279K+423,平原區,10.3,19.6,北,"3.5,3.5",-,2.8,"4,499","35,629","3,459","2,706",31,198,26,447,51,506,16～17,0.50 ,,,
,,,,2585152.401,,,,,,,南,"3.5,3.5",-,2.8,"5,027","40,787","3,960","3,134",34,222,54,432,84,503,18～19,,,,
嘉義縣,"V-I21
側車道",龍宮溪橋,273K+100,163623.045,台61線,布袋~嘉南大橋,269K+078~279K+423,平原區,10.3,14.4,北,"3.5,3.5",-,0.2,"2,004","20,521","1,992","1,707",37,61,1,14,171,396,15～16,0.51 ,,,
,,,,2585152.401,,,,,,,南,"3.5,3.5",-,0.2,"2,061","21,075","2,046","1,743",31,69,2,18,184,420,16～17,,,,
臺南市,V-I22,鯤港橋,283K,161093.627,台61線,南鯤鯓~北門交流道,279K+423~283K+700,平原區,4.3,20,北,"3.5,3.5",-,3.0,"5,801","19,359","4,502","3,422",48,252,24,585,171,641,15～16,0.51 ,,,
,,,,2576150.120,,,,,,,南,"3.5,3.5",-,3.0,"6,299","21,388","4,974","3,825",48,263,55,572,211,617,17～18,,,,
臺南市,V-I23,永華橋(華安橋),288K+500,158546.697,台61線,北門交流道~三寮灣交流道,283K+700~288K+700,平原區,5,20,北,"3.5,3.5",-,3.0,"2,840","14,039","2,808","2,551",33,64,2,18,140,300,15～16,0.55 ,,,
,,,,2571421.075,,,,,,,南,"3.5,3.5",-,3.0,"3,161","15,597","3,119","2,898",18,73,0,20,110,368,15～16,,,,
臺南市,V-I24,將軍,292K+950,157565.262,台61線,三寮灣交流道~青鯤鯓,288K+700~294K+310,平原區,5.6,20,北,"3.5,3.5",-,3.0,"1,005","5,358",957,825,8,47,0,21,55,132,16～17,0.65 ,,,
,,,,2567142.235,,,,,,,南,"3.5,3.5",-,3.0,"1,413","7,526","1,344","1,138",13,59,1,34,98,242,14～15,,,,
,,,,,,合計,,,68.9,,,,,," 118,829 "," 637,659 ",,,,,,,,,,,,,
,,,,,,,,,,,,,,,,,,,,,,,,,,,,,
雲林縣,V-I25,快速公路,8K+040,173897.667,台78線,台西~東勢,8K+040~15K+262,平原區,7.2,20.8,東,"3.7,3.7",-,3,"3,075","19,768","2,746","2,468",37,102,5,127,7,450,15～16,0.55 ,,,
,,,,2620204.660,,,,,,,西,"3.7,3.7",-,3,"2,955","19,136","2,658","2,414",38,73,2,121,10,370,10～11,,,,
雲林縣,V-I26,快速公路,15K+300,180933.961,台78線,東勢~虎尾,15K+262~25K+417,平原區,10.2,20.8,東,"3.7,3.7",-,3,"7,514","72,781","7,135","6,794",74,113,7,138,9,787,17～18,0.54 ,,,
,,,,2620541.673,,,,,,,西,"3.7,3.7",-,3,"7,399","72,015","7,060","6,726",66,126,2,123,17,683,7～8,,,,
雲林縣,V-I27,快速公路,29K+300,193998.527,台78線,虎尾~斗南,25K+417~29K+300,平原區,3.9,20.8,東,"3.7,3.7",-,3,"19,113","70,070","17,967","16,818",134,610,32,358,14,"1,879",15～16,0.55 ,,,
,,,,2619067.933,,,,,,,西,"3.7,3.7",-,3,"19,381","70,865","18,170","16,869",142,740,33,358,29,"1,565",10～11,,,,
雲林縣,V-I28,快速公路,38K+300,202229.400,台78線,斗南~斗六,29K+300~38K+300,平原區,9,19.8,東,"3.7,3.7",-,2.5,"12,966","107,895","11,988","11,020",145,466,26,314,18,"1,359",15～16,0.50 ,,,
,,,,2618287.729,,,,,,,西,"3.7,3.7",-,2.5,"12,857","107,637","11,960","11,003",128,509,22,272,25,"1,371",16～17,,,,
雲林縣,V-I29,快速公路,40K+050,203435.312,台78線,斗六~古坑,38K+300~42K+543,平原區,4.2,20.8,東,"3.7,3.7",-,3,"8,489","31,736","7,556","6,697",158,364,26,311,1,"1,098",15～16,0.58 ,,,
,,,,2618674.755,,,,,,,西,"3.7,3.7",-,3,"7,880","29,421","7,005","6,232",127,321,24,302,0,805,11～12,,,,
,,,,,,合計,,,34.5,,,,,," 101,629 "," 601,323 ",,,,,,,,,,,,,
,,,,,,,,,,,,,,,,,,,,,,,,,,,,,
嘉義縣,V-I30,東石大橋,3K+600,166574.659,台82線,東石大橋~朴子,3K+600~11K+500,平原區,7.9,20,東,"3.8,3.8",-,3,"7,054","56,529","7,156","5,995",94,199,6,35,827,"1,193",18～19,0.53 ,,,
,,,,2595232.513,,,,,,,西,"3.8,3.8",-,3,"7,402","59,508","7,533","6,303",100,167,6,44,913,"1,068",14～15,,,,
嘉義縣,V-I31,朴子,11K+700,174443.703,台82線,朴子~馬稠後,11K+500~13K+800,平原區,2.3,19,東,"3.8,3.8",-,3,"11,295","24,589","10,691","9,872",173,473,15,131,27,"1,401",18～19,0.53 ,,,
,,,,2594580.854,,,,,,,西,"3.8,3.8",-,3,"11,393","24,938","10,843","10,046",199,449,12,107,29,"1,235",15～16,,,,
嘉義縣,V-I32,後寮,19K+100,180845.690,台82線,馬稠後~中山高交流道,13K+800~22K+530,平原區,8.7,21.2,東,"3.8,3.8",-,3,"17,746","144,927","16,658","15,308",281,748,23,269,28,"1,875",17～18,0.53 ,,,
,,,,2591905.831,,,,,,,西,"3.8,3.8",-,3,"18,087","148,262","17,042","15,717",293,728,18,256,31,"1,694",7～8,,,,
嘉義縣,V-I33,中庄,31K+800,193178.155,台82線,中山高交流道~檳榔樹角,22K+530~32K+000,平原區,9.5,21.4,東,"3.8,3.8",-,3,"11,232","97,051","10,216","8,762",127,"1,113",19,181,13,"1,099",14～15,0.55 ,,,
,,,,2591902.912,,,,,,,西,"3.8,3.8",-,3,"10,098","86,952","9,153","7,837",146,969,21,174,6,895,14～15,,,,
嘉義縣,V-I34,檳榔樹角,33K+100,194417.361,台82線,檳榔樹角~溪底寮,32K+000~34K+200,平原區,2.2,21.2,東,"3.8,3.8",-,0.8,"7,911","16,084","7,311","6,651",126,353,7,174,0,797, 9～10,0.52 ,,,
,,,,2592348.910,,,,,,,西,"3.8,3.8",-,0.8,"8,436","17,196","7,817","7,072",104,476,10,154,0,860,14～15,,,,
,,,,,,合計,,,30.6,,,,,," 110,653 "," 676,037 ",,,,,,,,,,,,,
,,,,,,,,,,,,,,,,,,,,,,,,,,,,,
臺南市,V-I35,學甲交流道,10K+000,23.24493,台84線,學甲交流道~西庄交流道,10K+000~22K+000,平原區,12,20,東,"3.5,3.5",-,3.0,"9,190","90,115","7,510","6,218",51,503,57,650,30,"1,045",16～17,0.54 ,,,
,,,,120.20460,,,,,,,西,"3.5,3.5",-,3.0,"8,486","84,624","7,052","5,914",53,451,31,567,37,897,10～11,,,,
臺南市,V-I36,西庄交流道,22K+100,178701.308,台84線,西庄交流道~新中,22K+000~26K+458,平原區,4.5,20,東,"3.5,3.5",-,3.0,"7,096","27,028","6,006","5,049",26,447,34,403,48,805,16～17,0.56 ,,,
,,,,2564415.749,,,,,,,西,"3.5,3.5",-,3.0,"7,157","27,094","6,021","5,042",25,460,31,424,39,626,15～16,,,,
臺南市,V-I37,大內交流道,31K+750,185752.640,台84線,新中~頭社,26K+458~32K+340,平原區,5.9,20.2,東,"3.5,3.6",-,3.0,"6,935","38,916","6,596","6,215",33,170,1,128,49,962,11～12,0.55 ,,,
,,,,2559958.434,,,,,,,西,"3.5,3.6",-,3.0,"7,133","39,371","6,673","6,218",36,187,0,184,49,"1,181",15～16,,,,
臺南市,V-I38,玉豐大橋,40K+450,193702.329,台84線,走馬瀨~玉井,37K+800~41K+780,丘陵區,4,24,東,"3.8,3.8",3.6,0.8,"7,618","28,999","7,250","6,339",47,94,1,105,663,990,11～12,0.54 ,,,
,,,,2558194.369,,,,,,,西,"3.8,3.8",3.6,0.8,"7,987","29,230","7,308","6,285",48,108,2,180,685,"1,175",15～16,,,,
,,,,,,合計,,,26.4,,,,,," 61,601 "," 365,376 ",,,,,,,,,,,,,
,,,,,,,,,,,,,,,,,,,,,,,,,,,,,
臺南市,V-I39,明興路上方,0K+550,248170.826,台86線,台南端~灣裡交流道,0K+000~2K+010,平原區,2.01,20.8,東,"3.7,3.7",-,3,"12,834","23,144","11,514","9,832",50,"1,220",12,342,58,"1,098",17～18,0.51 ,,,
,,,,2652129.977,,,,,,,西,"3.7,3.7",-,3,"12,994","23,573","11,728","10,107",42,"1,171",14,329,65,"1,126",17～18,,,,
臺南市,V-I40,路橋下,4K+250,169501.535,台86線,灣裡交流道~台南交流道,2K+010~5K+437,平原區,3.427,20.8,東,"3.7,3.7",-,3,"25,582","81,707","23,842","21,297",69,"2,039",24,334,78,"1,946",17～18,0.52 ,,,
,,,,2536449.876,,,,,,,西,"3.7,3.7",-,3,"25,808","82,124","23,964","21,444",85,"1,914",32,407,83,"2,074",17～18,,,,
臺南市,V-I41,鋼拱橋,6K+000,171035.251,台86線,台南交流道~仁德系統交流道,5K+437~8K+435,平原區,2.998,20.8,東,"3.7,3.7",-,3,"31,702","89,423","29,828","27,854",198,"1,101",33,590,52,"2,659",17～18,0.51 ,,,
,,,,2537271.227,,,,,,,西,"3.7,3.7",-,3,"32,667","92,336","30,799","28,641",212,"1,319",33,531,64,"2,769",7～8,,,,
臺南市,V-I42,農路高架橋,10K+500,174790.884,台86線,仁德系統交流道~上崙交流道,8K+435~10K+619,平原區,2.184,20.8,東,"3.7,3.7",-,3,"23,638","47,293","21,654","19,319",148,"1,521",18,572,76,"1,945",17～18,0.52 ,,,
,,,,2536967.423,,,,,,,西,"3.7,3.7",-,3,"23,450","47,202","21,613","19,438",152,"1,414",24,517,68,"2,107",17～18,,,,
臺南市,V-I43,21號橋,16K+200,178995.926,台86線,大潭交流道~歸仁交流道,11K+814~16K+900,平原區,5.086,20.8,東,"3.7,3.7",-,3,"13,602","63,852","12,554","11,431",102,631,8,341,42,"1,330", 9～10,0.53 ,,,
,,,,2539716.653,,,,,,,西,"3.7,3.7",-,3,"14,320","66,731","13,121","11,780",103,819,24,354,41,"1,489",17～18,,,,
臺南市,V-I44,關廟端加油站,18K+700,179874.146,台86線,歸仁交流道~關廟,16K+900~18K+906,平原區,2.006,17.6,東,"3.5,3.5",-,1.8,"14,401","26,735","13,328","11,899",69,536,17,441,365,"1,363",10～11,0.54 ,,,
,,,,2541558.581,,,,,,,西,"3.5,3.5",-,1.8,"15,183","28,281","14,098","12,525",68,620,24,432,429,"1,597",17～18,,,,
,,,,,,合計,,,17.7,,,,,," 246,180 "," 672,401 ",,,,,,,,,,,,,
